Rank,CustomerID
1,6630-UJZMY
2,5150-ITWWB
3,3489-HHPFY
4,2545-EBUPK
5,4927-WWOOZ
6,7398-SKNQZ
7,4912-PIGUY
8,7668-XCFYV
9,0187-QSXOE
10,3452-GWUIN
11,8161-QYMTT
12,7225-CBZPL
13,4847-TAJYI
14,0021-IKXGC
15,8622-ZLFKO
16,4115-NZRKS
17,8739-XNIKG
18,7577-SWIFR
19,6350-XFYGW
20,3320-VEOYC
21,6969-MVBAI
22,3318-NMQXL
23,2077-MPJQO
24,5935-FCCNB
25,9334-GWGOW
26,9957-YODKZ
27,1197-BVMVG
28,9799-CAYJJ
29,3096-GKWEB
30,9919-KNPOO
31,4929-XIHVW
32,4090-KPJIP
33,3462-BJQQA
34,1452-VOQCH
35,2799-ARNLO
36,6357-JJPQT
37,8775-ERLNB
38,4749-OJKQU
39,7321-VGNKU
40,7439-DKZTW
41,2880-FPNAE
42,2215-ZAFGX
43,6583-KQJLK
44,9290-SHCMB
45,3878-AVSOQ
46,7044-YAACC
47,9605-WGJVW
48,7363-QTBIW
49,4234-XTNEA
50,9402-ORRAH
51,7858-GTZSP
52,1173-XZPYF
53,2123-AGEEN
54,6229-LSCKB
55,4060-LDNLU
56,9094-AZPHK
57,1393-IMKZG
58,0168-XZKBB
59,0365-BZUWY
60,8242-SOQUO
61,4813-HQMGZ
62,2876-GZYZC
63,0840-DFEZH
64,2789-HQBOU
65,8107-KNCIM
66,0018-NYROU
67,9603-OAIHC
68,8087-LGYHQ
69,4853-OITSN
70,7994-UYIVZ
71,1200-TUZHR
72,2371-JQHZZ
73,6860-YRJZP
74,3199-XGZCY
75,2235-DWLJU
76,5995-SNNEW
77,6198-RTPMF
78,8541-QVFKM
79,4884-ZTHVF
80,1219-NNDDO
81,3422-GALYP
82,1640-PLFMP
83,0480-BIXDE
84,5348-CAGXB
85,1628-BIZYP
86,6734-GMPVK
87,4395-PZMSN
88,2688-BHGOG
89,2985-FMWYF
90,7394-LWLYN
91,4482-EWFMI
92,5429-LWCMV
93,6986-IXNDM
94,4298-OYIFC
95,6507-ZJSUR
96,0644-OQMDK
97,3317-VLGQT
98,3030-YDNRM
99,9633-XQABV
100,6077-BDPXA
101,7245-NIIWQ
102,5382-SOYZL
103,3338-CVVEH
104,4132-KALRO
105,7465-ZZRVX
106,3295-YVUSR
107,5928-QLDHB
108,7354-OIJLX
109,5542-TBBWB
110,2984-AFWNC
111,3427-GGZZI
112,1960-UYCNN
113,5956-YHHRX
114,7402-EYFXX
115,3292-PBZEJ
116,8875-AKBYH
117,5288-AHOUP
118,7206-PQBBZ
119,4123-DVHPH
120,1251-STYSZ
121,6856-RAURS
122,9717-QEBGU
123,2897-DOVND
124,3370-HXOPH
125,5119-NZPTV
126,6407-UTSLV
127,2754-SDJRD
128,4301-VVZKA
129,9279-CJEOJ
130,0722-SVSFK
131,6705-LXORM
132,9360-OMDZZ
133,5701-YVSVF
134,9121-PHQSR
135,5937-EORGB
136,2665-NPTGL
137,4445-ZJNMU
138,4633-MKHYU
139,7392-YYPYJ
140,6198-ZFIOJ
141,1016-DJTSV
142,0928-XUTSN
143,3411-WLRSQ
144,8309-IEYJD
145,3629-ZNKXA
146,1508-DFXCU
147,2081-VEYEH
148,2254-DLXRI
149,7823-JSOAG
150,6851-WEFYX
151,5216-WASFJ
152,9903-LYSAB
153,6918-UMQCG
154,2905-KFQUV
155,6116-RFVHN
156,0793-TWELN
157,4521-YEEHE
158,6215-NQCPY
159,8313-NDOIA
160,3420-YJLQT
161,8648-PFRMP
162,4566-NECEV
163,5117-IFGPS
164,1078-TDCRN
165,8325-QRPZR
166,8873-GLDMH
167,4770-UEZOX
168,3453-RTHJQ
169,4559-UWIHT
170,5760-IFJOZ
171,1226-IENZN
172,4815-GBTCD
173,0928-JMXNP
174,6435-SRWBJ
175,9208-OLGAQ
176,4291-SHSBH
177,3841-CONLJ
178,6267-DCFFZ
179,5628-FCGYG
180,4612-SSVHJ
181,7517-LDMPS
182,2107-FBPTK
183,7590-VHVEG
184,2674-MIAHT
185,6496-JDSSB
186,3496-LFSZU
187,3904-UKFRE
188,0848-ZGQIJ
189,9696-RMYBA
190,0411-EZJZE
191,7801-KICAO
192,4854-CIDCF
193,9050-IKDZA
194,2262-SLNVK
195,5091-HFAZW
196,5044-LRQAQ
197,5032-MIYKT
198,1475-VWVDO
199,1754-GKYPY
200,3951-NJCVI
201,0396-YCHWO
202,2038-OEQZH
203,2809-ZMYOQ
204,2504-DSHIH
205,8714-CTZJW
206,8270-RKSAP
207,0749-IRGQE
208,1028-FFNJK
209,4647-MUZON
210,5442-BHQNG
211,5399-ZIMKF
212,6242-MBHPK
213,8035-PWSEV
214,8266-VBFQL
215,5043-TRZWM
216,0432-CAJZV
217,5405-ZMYXQ
218,2135-DQWAQ
219,5652-MSDEY
220,6030-REHUX
221,3223-DWFIO
222,5879-SESNB
223,0196-JTUQI
224,4059-IIEBK
225,5599-HVLTW
226,5339-PXDVH
227,6339-YPSAH
228,2969-QWUBZ
229,9617-INGJY
230,0225-ZORZP
231,3420-ZDBMA
232,1104-TNLZA
233,5989-PGKJB
234,8132-YPVBX
235,4583-PARNH
236,7315-WYOAW
237,1658-TJVOA
238,7365-BVCJH
239,0258-NOKBL
240,2800-VEQXM
241,9494-MRNYX
242,9741-YLNTD
243,0581-BXBUB
244,3365-SAIGS
245,0420-HLGXF
246,3597-MVHJT
247,6833-JMZYP
248,0139-IVFJG
249,9840-EFJQB
250,2325-NBPZG
251,2439-LYPMQ
252,7714-YXSMB
253,7176-WIONM
254,4480-QQRHC
255,8224-DWCKX
256,6923-JHPMP
257,4716-HHKQH
258,4299-SIMNS
259,1302-UHBDD
260,4029-HPFVY
261,5271-DBYSJ
262,0248-IPDFW
263,8709-KRDVL
264,4686-UXDML
265,4983-CCWMC
266,9506-UXUSK
267,0620-DLSLK
268,2959-FENLU
269,4450-DLLMH
270,5233-AOZUF
271,1636-NTNCO
272,8160-HOWOX
273,7924-GJZFI
274,8104-OSKWT
275,3003-CMDUU
276,0491-KAPQG
277,3703-KBKZP
278,5605-IYGFG
279,0674-DGMAQ
280,0674-EYYZV
281,1666-JXLKU
282,9355-NPPFS
283,9167-APMXZ
284,7379-FNIUJ
285,9822-OAOVB
286,0958-YHXGP
287,1766-GKNMI
288,2187-PKZAY
289,1932-UEDCX
290,8356-WUAOJ
291,7426-RHZGU
292,2739-CACDQ
293,9133-AYJZG
294,2041-JIJCI
295,0147-ESWWR
296,2740-TVLFN
297,1769-GRUIK
298,8903-WMRNW
299,2080-GKCWQ
300,4536-PLEQY
301,7284-BUYEC
302,0682-USIXD
303,9796-BPKIW
304,8630-FJLIB
305,4741-WWJQZ
306,0447-RXSGD
307,7318-EIVKO
308,0315-LVCRK
309,5692-ICXLW
310,9773-PEQBZ
311,3050-GBUSH
312,0988-JRWWP
313,0439-IFYUN
314,9588-OZDMQ
315,8617-ENBDS
316,7278-CKDNC
317,1751-NCDLI
318,0650-BWOZN
319,8990-ZXLSU
320,5453-AXEPF
321,8404-GFGCZ
322,4998-IKFSE
323,9129-UXERG
324,6103-BOCOU
325,9432-VOFYX
326,2373-NTKOD
327,8695-ARGXZ
328,0916-QOFDP
329,5501-TVMGM
330,2424-WVHPL
331,0899-LIIBW
332,4546-FOKWR
333,4183-MYFRB
334,5666-CYCYZ
335,7952-OBOYL
336,9365-SRSZE
337,3771-PZOBW
338,1746-TGTWV
339,3966-HRMZA
340,3196-NVXLZ
341,5606-AMZBO
342,8040-MNRTF
343,5119-KEPFY
344,6652-YFFJO
345,3518-PZXZQ
346,0434-CSFON
347,0921-OHLVP
348,9093-FPDLG
349,0224-RLWWD
350,8778-LMWTJ
351,1212-GLHMD
352,2080-CAZNM
353,1941-HOSAM
354,9572-WUKSB
355,7978-DKUQH
356,8212-CRQXP
357,7422-WNBTY
358,5183-SNMJQ
359,7853-OETYL
360,6175-IRFIT
361,4195-NZGTA
362,7718-RXDGG
363,1194-HVAIF
364,6719-OXYBR
365,3588-WSTTJ
366,5543-QDCRY
367,3748-FVMZZ
368,7855-DIWPO
369,7537-RBWEA
370,6778-YSNIH
371,2761-XECQW
372,4367-NHWMM
373,3211-AAPKX
374,3916-NRPAP
375,4360-PNRQB
376,8584-KMVXD
377,2582-FFFZR
378,0428-IKYCP
379,3956-MGXOG
380,6243-OZGFH
381,4137-BTIKL
382,9274-UARKJ
383,3002-WQZWT
384,2203-GHNWN
385,7508-SMHXL
386,1730-ZMAME
387,0581-MDMPW
388,0093-EXYQL
389,6599-SFQVE
390,4581-LNWUM
391,0869-PAPRP
392,4690-PKDQG
393,9058-MJLZC
394,6994-KERXL
395,5022-KVDQT
396,4236-UJPWO
397,1580-BMCMR
398,1335-NTIUC
399,2070-XYMFH
400,9885-AIBVB
401,6260-ONULR
402,3312-UUMZW
403,7562-UXTPG
404,5857-TYBCJ
405,2501-XWWTZ
406,8486-AYEQH
407,0599-XNYDO
408,8687-BAFGU
409,4238-JSSWH
410,2468-SJFLM
411,3717-OEAUQ
412,5899-OUVKV
413,8456-QDAVC
414,7351-KYHQH
415,0570-BFQHT
416,9921-QFQUL
417,0221-WMXNQ
418,1101-SSWAG
419,3914-FDRHP
420,0817-HSUSE
421,9529-OFXHY
422,6519-CFDBX
423,8189-XRIKE
424,4273-MBHYA
425,1399-UBQIU
426,3088-LHEFH
427,8490-BXHEO
428,5439-WIKXB
429,9518-XXBXE
430,6704-UTUKK
431,5760-FXFVO
432,0212-ISBBF
433,0096-BXERS
434,3312-ZWLGF
435,5950-AAAGJ
436,1384-RCUXW
437,2823-LKABH
438,2603-HVKCG
439,6557-BZXLQ
440,4619-EVPHY
441,5144-TVGLP
442,1391-UBDAR
443,6078-VESFR
444,4257-GAESD
445,6034-YMTOB
446,5533-NHFRF
447,4718-DHSMV
448,2523-EWWZL
449,7126-RBHSD
450,7895-VONWT
451,5226-NOZFC
452,5482-VXSXJ
453,3955-JBZZM
454,0114-PEGZZ
455,8818-DOPVL
456,1307-ATKGB
457,2322-VCZHZ
458,8705-WZCYL
459,4373-VVHQL
460,8849-AYPTR
461,3853-LYGAM
462,9743-DQKQW
463,6217-TOWGS
464,1319-YLZJG
465,5626-MGTUK
466,2694-CIUMO
467,6486-LHTMA
468,8645-KWHJO
469,1100-DDVRV
470,3191-CSNMG
471,1304-BCCFO
472,9552-TGUZV
473,2974-GGUXS
474,5122-CYFXA
475,4128-ETESU
476,5960-MVTUK
477,6458-CYIDZ
478,7658-UYUQS
479,2916-BQZLN
480,5019-GQVCR
481,9979-RGMZT
482,9638-JIQYA
483,6559-PDZLR
484,3384-CTMSF
485,5016-IBERQ
486,1436-ZMJAN
487,7901-HXJVA
488,9620-ENEJV
489,2507-QZPQS
490,1173-NOEYG
491,8543-MSDMF
492,5035-BVCXS
493,6481-ESCNL
494,7586-ZATGZ
495,2657-VPXTA
496,9752-ZNQUT
497,2018-QKYGT
498,9026-LHEVG
499,7020-OZKXZ
500,2971-SGAFL
